"celltype","gene","weight"
"Cardiomyocyte","Cyp1a1",1.3198
"Cardiomyocyte","Calcb",-1.241
"Cardiomyocyte","Mpig6b",1.0158
"Cardiomyocyte","1700126G02Rik",0.8371
"Cardiomyocyte","Prss34",0.7226
"Cardiomyocyte","Tpsab1",0.6973
"Cardiomyocyte","Grin1",-0.5842
"Cardiomyocyte","Alas2",0.5741
"Cardiomyocyte","C3",-0.4296
"Cardiomyocyte","Hoxa5",0.4261
"Cardiomyocyte","Gm6213",-0.4029
"Cardiomyocyte","Cd36",0.3776
"Cardiomyocyte","Cd68",-0.3749
"Cardiomyocyte","Slc10a1",0.3723
"Cardiomyocyte","Blnk",-0.3576
"Cardiomyocyte","Gm44129",-0.3236
"Cardiomyocyte","Abca13",-0.3193
"Cardiomyocyte","Retnlg",0.2756
"Cardiomyocyte","Cd3d",0.2754
"Cardiomyocyte","Fcer1a",0.2748
"Cardiomyocyte","Sprr1a",0.2641
"Cardiomyocyte","B930036N10Rik",0.2615
"Cardiomyocyte","Tmsb4x",-0.2591
"Cardiomyocyte","Chrdl1",-0.2569
"Cardiomyocyte","Crtam",-0.2564
"Cardiomyocyte","Pnoc",-0.2483
"Cardiomyocyte","Rnase4",-0.2154
"Cardiomyocyte","Amigo2",-0.2132
"Cardiomyocyte","Tgfbi",-0.2116
"Cardiomyocyte","Vim",-0.1982
"Cardiomyocyte","Fabp3",0.1972
"Cardiomyocyte","Actb",-0.1936
"Cardiomyocyte","Il2ra",-0.1747
"Cardiomyocyte","Pid1",-0.1666
"Cardiomyocyte","Cotl1",-0.1604
"Cardiomyocyte","Hlx",0.1569
"Cardiomyocyte","Spns2",0.1552
"Cardiomyocyte","Myct1",0.138
"Cardiomyocyte","Ltbp2",-0.1367
"Cardiomyocyte","Fstl1",-0.1256
"Cardiomyocyte","Emilin1",-0.1204
"Cardiomyocyte","Trbc1",0.1197
"Cardiomyocyte","Cfh",-0.1171
"Cardiomyocyte","Gpihbp1",0.1152
"Cardiomyocyte","Nppa",0.1148
"Cardiomyocyte","Fst",-0.1146
"Cardiomyocyte","Gpc6",-0.1129
"Cardiomyocyte","Serpinb8",0.1099
"Cardiomyocyte","Gm20611",-0.1087
"Cardiomyocyte","H4c4",-0.1079
"Cardiomyocyte","Xcr1",0.1069
"Cardiomyocyte","Cldn5",0.1041
"Cardiomyocyte","Hspa1b",0.1026
"Cardiomyocyte","Ppp1r16b",0.1008
"Cardiomyocyte","Car8",-0.0979
"Cardiomyocyte","Cd300lg",0.097
"Cardiomyocyte","Ankrd1",0.0963
"Cardiomyocyte","Ptprz1",-0.0948
"Cardiomyocyte","Cdkn1a",0.0935
"Cardiomyocyte","Cpa3",0.0929
"Cardiomyocyte","Alox12",0.0923
"Cardiomyocyte","Cox8b",0.0857
"Cardiomyocyte","Rbp7",0.0845
"Cardiomyocyte","Ccna2",0.0842
"Cardiomyocyte","Hbegf",-0.0817
"Cardiomyocyte","Colec11",-0.0813
"Cardiomyocyte","Arhgef15",0.0805
"Cardiomyocyte","Depp1",0.0795
"Cardiomyocyte","Apoe",-0.0775
"Cardiomyocyte","Tmem252",0.0768
"Cardiomyocyte","Ube2t",0.0766
"Cardiomyocyte","Ebf1",-0.0763
"Cardiomyocyte","Maf",-0.0714
"Cardiomyocyte","Dock10",-0.0679
"Cardiomyocyte","Apold1",0.0649
"Cardiomyocyte","Sema3f",0.0591
"Cardiomyocyte","C1qb",-0.0585
"Cardiomyocyte","Gm49313",-0.0535
"Cardiomyocyte","Stfa2",0.0523
"Cardiomyocyte","Mfap2",-0.0482
"Cardiomyocyte","Gnb4",-0.0467
"Cardiomyocyte","Id3",-0.0461
"Cardiomyocyte","Trbc2",0.0449
"Cardiomyocyte","Rgcc",0.0443
"Cardiomyocyte","Foxc2",-0.0421
"Cardiomyocyte","Procr",-0.0415
"Cardiomyocyte","Ly6a",0.0403
"Cardiomyocyte","Tagln2",-0.0377
"Cardiomyocyte","Mcf2l",0.0363
"Cardiomyocyte","Myl7",0.0359
"Cardiomyocyte","2810459M11Rik",0.0335
"Cardiomyocyte","Samd4b",-0.0319
"Cardiomyocyte","Pear1",-0.0295
"Cardiomyocyte","Cxcl9",0.0287
"Cardiomyocyte","Ptma",-0.0284
"Cardiomyocyte","Clec2d",0.0275
"Cardiomyocyte","Gm40318",-0.0267
"Cardiomyocyte","Cdkn2d",0.0244
"Cardiomyocyte","Ccnb1",0.0243
"Cardiomyocyte","Rai14",-0.024
"Cardiomyocyte","Tacc3",0.0239
"Cardiomyocyte","Myo1d",-0.0238
"Cardiomyocyte","Cdc42ep1",0.0235
"Cardiomyocyte","Jag1",-0.0225
"Cardiomyocyte","Iigp1",0.0218
"Cardiomyocyte","Itgb4",-0.0217
"Cardiomyocyte","Igf1",-0.0216
"Cardiomyocyte","Fbxl22",0.0207
"Cardiomyocyte","Lockd",0.0203
"Cardiomyocyte","Lyve1",-0.0181
"Cardiomyocyte","Pim3",0.0171
"Cardiomyocyte","Sult1a1",0.0163
"Cardiomyocyte","Sox7",0.0155
"Cardiomyocyte","Itpripl2",-0.0149
"Cardiomyocyte","Ablim3",0.0148
"Cardiomyocyte","Serpine2",-0.0141
"Cardiomyocyte","Igfbp4",-0.014
"Cardiomyocyte","Itk",0.0139
"Cardiomyocyte","C130080G10Rik",0.0135
"Cardiomyocyte","Nfkbia",-0.0116
"Cardiomyocyte","Ckmt2",0.0101
"Cardiomyocyte","Emp3",-0.0096
"Cardiomyocyte","Cdca3",0.0082
"Cardiomyocyte","Tshz2",-0.0079
"Cardiomyocyte","Clca3a1",-0.0068
"Cardiomyocyte","Lrp1",-0.0063
"Cardiomyocyte","Ryr2",0.0058
"Cardiomyocyte","Arhgef39",0.0054
"Cardiomyocyte","Fn1",-0.0052
"Cardiomyocyte","Magi1",0.0052
"Cardiomyocyte","Spata21",-0.0045
"Cardiomyocyte","Tcap",0.0039
"Cardiomyocyte","Mmp14",-0.0025
"Cardiomyocyte","Dmd",0.0013
"Cardiomyocyte","Dock4",-0.0013
"Cardiomyocyte","Gm37799",1e-04
"Endothelial","Kcne3",0.748
"Endothelial","Hba-a1",-0.7285
"Endothelial","Atp2c2",0.517
"Endothelial","Cd93",0.4956
"Endothelial","Hba-a2",-0.4396
"Endothelial","Ramp2",0.4254
"Endothelial","Emcn",0.3829
"Endothelial","Hbb-bs",-0.3721
"Endothelial","Klhl4",0.359
"Endothelial","Tpm3-rs7",0.3523
"Endothelial","Csgalnact1",0.3347
"Endothelial","Hbb-bt",-0.3262
"Endothelial","Pecam1",0.3212
"Endothelial","Col23a1",0.3204
"Endothelial","Cav1",0.3194
"Endothelial","S100a16",0.3054
"Endothelial","Il17re",0.3005
"Endothelial","Lyve1",0.2722
"Endothelial","Ece1",0.2722
"Endothelial","Mmrn2",0.2592
"Endothelial","Slc4a1",-0.2461
"Endothelial","Tspan13",0.2391
"Endothelial","Cyp1a1",-0.236
"Endothelial","Dll1",0.2324
"Endothelial","Kdr",0.2295
"Endothelial","Icam2",0.2226
"Endothelial","Elk3",0.2005
"Endothelial","Egfl7",0.1974
"Endothelial","Arc",0.1918
"Endothelial","St6galnac3",0.1851
"Endothelial","Adcy4",0.1807
"Endothelial","Flt1",0.1784
"Endothelial","Cdh5",0.156
"Endothelial","Eng",0.1504
"Endothelial","Gm42906",0.1414
"Endothelial","Clec1b",0.1366
"Endothelial","Tek",0.1359
"Endothelial","Sbno2",0.135
"Endothelial","Ehd2",0.1316
"Endothelial","Adgrf5",0.1258
"Endothelial","Rasgrp3",0.1249
"Endothelial","Ctla2a",0.124
"Endothelial","Ccl21b.1",0.1121
"Endothelial","Vwf",0.1108
"Endothelial","Cd9",0.1074
"Endothelial","Grasp",0.1066
"Endothelial","Tinagl1",0.1026
"Endothelial","Hspg2",0.0986
"Endothelial","Hs3st1",0.0926
"Endothelial","Edn1",0.0924
"Endothelial","Tie1",0.0914
"Endothelial","Dock4",0.0905
"Endothelial","Ptprb",0.0874
"Endothelial","Gm18103",0.0859
"Endothelial","Ednrb",0.0853
"Endothelial","Nos3",0.0797
"Endothelial","Fli1",0.0793
"Endothelial","Gimap6",0.0787
"Endothelial","Stc1",0.0727
"Endothelial","Itga6",0.0709
"Endothelial","Tmem88",0.0685
"Endothelial","Plxnd1",0.0664
"Endothelial","Adgrg1",0.0597
"Endothelial","Fabp4",0.0523
"Endothelial","Ldb2",0.0454
"Endothelial","Aqp7",0.0447
"Endothelial","Podxl",0.0435
"Endothelial","Aqp1",0.0434
"Endothelial","Acta2",-0.0434
"Endothelial","Ifi203-ps",0.0428
"Endothelial","Itpkb",0.0419
"Endothelial","Cldn5",0.0406
"Endothelial","Fst",0.0386
"Endothelial","Slc9a3r2",0.0282
"Endothelial","Gm4070",0.0261
"Endothelial","Pkhd1l1",0.022
"Endothelial","Gpihbp1",0.0216
"Endothelial","Cd109",0.0216
"Endothelial","Chst15",0.0191
"Endothelial","Cracr2b",0.0173
"Endothelial","H2-D1",0.0156
"Endothelial","Mgll",0.0127
"Endothelial","Esam",0.0126
"Endothelial","Cav2",0.0121
"Endothelial","Cyyr1",0.0119
"Endothelial","Limch1",0.0107
"Endothelial","Trp53i11",0.0101
"Endothelial","Ltbp1",0.0067
"Endothelial","Wt1",0.0049
"Endothelial","Gngt2",0.0026
"Endothelial","Rapgef5",0.0025
"Endothelial","Ptprm",0.0016
"Endothelial","Pald1",0.0014
"Endothelial","Tspan6",0.0013
"Endothelial","Sema4c",0.0013
"Epicardial","Myrf",1.5177
"Epicardial","Msln",1.0677
"Epicardial","Krt14",0.9859
"Epicardial","Tmem151a",0.8922
"Epicardial","Lrrn4",0.8421
"Epicardial","Upk1b",0.7333
"Epicardial","Efemp1",0.6506
"Epicardial","Calcb",0.5341
"Epicardial","Ppl",0.261
"Epicardial","Krt7",0.1223
"Epicardial","Tm4sf5",0.0739
"Epicardial","Muc16",0.0174
"Epicardial","Krt19",0.0059
"Fibroblast","Gm12688",-1.1213
"Fibroblast","Ccl11",0.8597
"Fibroblast","Tac2",0.7778
"Fibroblast","Postn",0.6362
"Fibroblast","Col6a1",0.4667
"Fibroblast","Itih5",0.4542
"Fibroblast","Rcn3",0.4357
"Fibroblast","Srpx",0.3982
"Fibroblast","Col5a1",0.3704
"Fibroblast","Slc44a4",0.3633
"Fibroblast","Loxl1",0.339
"Fibroblast","Col1a1",0.3349
"Fibroblast","Crxos",0.2813
"Fibroblast","Mdk",0.2756
"Fibroblast","Gm46606",0.2696
"Fibroblast","Sulf1",0.2532
"Fibroblast","Col3a1",0.2276
"Fibroblast","Loxl2",0.1907
"Fibroblast","Col14a1",0.1851
"Fibroblast","Myrf",-0.1736
"Fibroblast","Nrk",0.1663
"Fibroblast","Pou2af1",0.1605
"Fibroblast","Col6a3",0.159
"Fibroblast","Vegfc",0.1495
"Fibroblast","Angptl7",-0.1419
"Fibroblast","Ifitm1",0.1304
"Fibroblast","Spc25",-0.1258
"Fibroblast","Serpine2",0.1191
"Fibroblast","Slit2",0.1106
"Fibroblast","Pcdh9",0.1019
"Fibroblast","Lum",0.1018
"Fibroblast","Col5a2",0.0974
"Fibroblast","Txndc5",0.0869
"Fibroblast","Actg2",0.0768
"Fibroblast","Aebp1",0.0746
"Fibroblast","Dpt",0.0682
"Fibroblast","Oaf",0.0666
"Fibroblast","Tnxb",0.0632
"Fibroblast","Cdh3",-0.0583
"Fibroblast","Mmp23",0.0417
"Fibroblast","Mfap2",0.0394
"Fibroblast","Peg3",0.0383
"Fibroblast","Ecrg4",-0.032
"Fibroblast","Itm2a",0.0274
"Fibroblast","Thbs2",0.0256
"Fibroblast","Dcn",0.0254
"Fibroblast","Prg4",0.0232
"Fibroblast","Ccnb2",-0.0212
"Fibroblast","Adamts5",0.0179
"Fibroblast","Lrp1",0.017
"Fibroblast","Col15a1",0.016
"Fibroblast","Serpina3g",0.0157
"Fibroblast","Cdca8",-0.0101
"Fibroblast","Lrrc17",0.0094
"Fibroblast","Glipr2",0.0074
"Fibroblast","Pear1",0.0018
"Fibroblast","Cldn15",-0.001
"Immune_Myeloid","F13a1",1.8197
"Immune_Myeloid","F5",1.5629
"Immune_Myeloid","Fcgr2b",0.856
"Immune_Myeloid","C5ar1",0.6927
"Immune_Myeloid","Lyz2",0.5695
"Immune_Myeloid","Ctss",0.5304
"Immune_Myeloid","Tyrobp",0.4988
"Immune_Myeloid","C1qb",0.4026
"Immune_Myeloid","Pf4",0.3195
"Immune_Myeloid","Ccl6",0.2922
"Immune_Myeloid","P2ry10",0.2694
"Immune_Myeloid","Lilrb4a",0.2476
"Immune_Myeloid","Alox5ap",0.2321
"Immune_Myeloid","Evi2a",0.1775
"Immune_Myeloid","Lst1",0.1532
"Immune_Myeloid","Coro1a",0.1495
"Immune_Myeloid","Fcgr1",0.1182
"Immune_Myeloid","Gm29094",0.1006
"Immune_Myeloid","Clec4a1",0.0528
"Immune_Myeloid","Cytip",0.0208
"Mural_Pericyte","Ntsr1",1.2607
"Mural_Pericyte","Tac1",1.1637
"Mural_Pericyte","Ltbp2",1.1144
"Mural_Pericyte","Gfra3",1.0263
"Mural_Pericyte","Zg16",0.9418
"Mural_Pericyte","Sost",0.8808
"Mural_Pericyte","Gm12688",0.8414
"Mural_Pericyte","Crxos",-0.6158
"Mural_Pericyte","Scn3a",0.5279
"Mural_Pericyte","Ndufa4l2",0.5024
"Mural_Pericyte","Kcnj8",0.4598
"Mural_Pericyte","Cpa1",0.4388
"Mural_Pericyte","Pdgfrb",0.4356
"Mural_Pericyte","Lox",0.4347
"Mural_Pericyte","Rgs5",0.3884
"Mural_Pericyte","Crispld2",0.387
"Mural_Pericyte","Gm13889",0.3685
"Mural_Pericyte","Lmod1",0.3657
"Mural_Pericyte","4930567K12Rik",0.3509
"Mural_Pericyte","Pnoc",0.3134
"Mural_Pericyte","Acan",0.3058
"Mural_Pericyte","Ttc23l",-0.3037
"Mural_Pericyte","Ace",0.3028
"Mural_Pericyte","Sfrp2",0.302
"Mural_Pericyte","Myh11",0.2877
"Mural_Pericyte","Spc25",0.2845
"Mural_Pericyte","Tpm2",0.2397
"Mural_Pericyte","H2ax",0.2374
"Mural_Pericyte","Olfml2a",0.2327
"Mural_Pericyte","Cald1",0.2315
"Mural_Pericyte","Gm28578",0.2216
"Mural_Pericyte","Eln",0.2033
"Mural_Pericyte","Cenpe",0.1837
"Mural_Pericyte","Gdf3",-0.1634
"Mural_Pericyte","Tm4sf1",0.162
"Mural_Pericyte","Itgbl1",0.1596
"Mural_Pericyte","Clec2d",-0.1542
"Mural_Pericyte","S1pr3",0.1419
"Mural_Pericyte","Cdh3",0.1337
"Mural_Pericyte","Kcnab1",0.126
"Mural_Pericyte","Ano1",0.1237
"Mural_Pericyte","Gnb4",0.1233
"Mural_Pericyte","Higd1b",0.1076
"Mural_Pericyte","Top2a",0.097
"Mural_Pericyte","Olfr78",0.0942
"Mural_Pericyte","Gpc3",0.0885
"Mural_Pericyte","Cox4i2",0.0854
"Mural_Pericyte","Nostrin",0.0843
"Mural_Pericyte","Cd248",0.0784
"Mural_Pericyte","Rasl12",0.0727
"Mural_Pericyte","Meg3",0.0716
"Mural_Pericyte","Hba-a2",-0.0624
"Mural_Pericyte","Rgs4",0.0579
"Mural_Pericyte","Gucy1a1",0.0571
"Mural_Pericyte","Serpine1",0.0452
"Mural_Pericyte","Diaph3",0.0451
"Mural_Pericyte","Abi1",0.0427
"Mural_Pericyte","Fbln5",0.0411
"Mural_Pericyte","Cygb",0.0405
"Mural_Pericyte","Ebf1",0.0401
"Mural_Pericyte","Steap4",0.0375
"Mural_Pericyte","Cks1b",0.0335
"Mural_Pericyte","Ptprz1",0.0267
"Mural_Pericyte","Mcam",0.0238
"Mural_Pericyte","Hbb-bt",-0.022
"Mural_Pericyte","Dock6",0.0205
"Mural_Pericyte","Tppp3",0.0204
"Mural_Pericyte","Ccnb2",0.0192
"Mural_Pericyte","Ecrg4",0.0159
"Mural_Pericyte","Gucy1b1",0.0102
"Mural_Pericyte","Olfr1033",0.0101
"Mural_Pericyte","Mxd3",0.0026
"RBC","Hba-a2",1.45
"RBC","Il2ra",1.2397
"RBC","B930036N10Rik",-1.026
"RBC","Hba-a1",0.8505
"RBC","Hbb-bs",0.7625
"RBC","Alas2",-0.7594
"RBC","Uts2b",-0.5778
"RBC","Cycs",0.4044
"RBC","Hbb-bt",0.3891
"RBC","Fabp3",0.3831
"RBC","Stfa2",-0.3637
"RBC","Akap12",-0.3286
"RBC","Ifitm3",-0.2831
"RBC","Actb",-0.2825
"RBC","Slc44a4",0.2819
"RBC","Kcne1",0.2774
"RBC","Kdr",-0.2741
"RBC","Col4a2",-0.2422
"RBC","Fxyd5",-0.2407
"RBC","mt-Co2",0.233
"RBC","Tlnrd1",-0.1905
"RBC","Cav1",-0.1824
"RBC","Cd300lg",-0.1824
"RBC","Lrrc8c",-0.1678
"RBC","Cd93",-0.1668
"RBC","Mcf2l",-0.1666
"RBC","Cavin1",-0.1642
"RBC","Fosl2",-0.1553
"RBC","Tinagl1",-0.1553
"RBC","Pdgfb",-0.1503
"RBC","Gm6213",0.1439
"RBC","E330020D12Rik",-0.1426
"RBC","Spef2",0.1379
"RBC","Nmrk2",0.1366
"RBC","Iqgap1",-0.1322
"RBC","Cox7a1",0.1283
"RBC","Npy6r",0.1254
"RBC","Tnfrsf12a",0.1246
"RBC","Bex1",0.1214
"RBC","Esam",-0.1168
"RBC","Pecam1",-0.1072
"RBC","Apold1",-0.0991
"RBC","Slc4a1",0.0903
"RBC","Nppb",0.0894
"RBC","Col4a1",-0.0772
"RBC","Gm18103",-0.0704
"RBC","Notch1",-0.0593
"RBC","Myh7",0.0501
"RBC","Ccnb2",-0.0483
"RBC","Cox8b",0.0445
"RBC","Cxcl12",0.0333
"RBC","Plat",-0.0306
"RBC","Plxnd1",-0.0243
"RBC","Ankrd1",0.0222
"RBC","Sgk1",-0.0217
"RBC","Zeb2",-0.0173
"RBC","Ccna2",-0.017
"RBC","Cnn3",-0.0098
"RBC","Myh9",-0.0087
"RBC","Calm1",-0.0074
"RBC","Plpp3",-0.0048
