"subcluster","CM0","CM1","CM2","CM3","CM4","CM5","CM6","CM7","CM8","CM9","CM10","CM11","CM12","CM13","CM14"
"CM0",1,0,0,0,0,0.25,0,0,0.351,0,0.042,0.02,0.02,0.064,0
"CM1",0,1,0.064,0,0,0,0,0.316,0,0.282,0,0.087,0,0,0
"CM2",0,0.064,1,0,0,0,0,0.042,0,0.02,0,0.02,0,0,0
"CM3",0,0,0,1,0,0,0,0.042,0,0,0,0,0,0,0
"CM4",0,0,0,0,1,0,0.25,0,0,0,0,0,0,0,0
"CM5",0.25,0,0,0,0,1,0,0,0.316,0,0.042,0.087,0.111,0.111,0
"CM6",0,0,0,0,0.25,0,1,0,0,0,0.02,0,0,0,0
"CM7",0,0.316,0.042,0.042,0,0,0,1,0,0.136,0,0.042,0,0,0
"CM8",0.351,0,0,0,0,0.316,0,0,1,0,0.042,0.02,0,0.042,0
"CM9",0,0.282,0.02,0,0,0,0,0.136,0,1,0,0.111,0,0,0
"CM10",0.042,0,0,0,0,0.042,0.02,0,0.042,0,1,0,0.042,0.02,0.042
"CM11",0.02,0.087,0.02,0,0,0.087,0,0.042,0.02,0.111,0,1,0,0.02,0
"CM12",0.02,0,0,0,0,0.111,0,0,0,0,0.042,0,1,0.163,0
"CM13",0.064,0,0,0,0,0.111,0,0,0.042,0,0.02,0.02,0.163,1,0
"CM14",0,0,0,0,0,0,0,0,0,0,0.042,0,0,0,1
