"gene","weight_P0","weight_P7","nonzero_P0","nonzero_P7","in_both","same_sign","direction","DE_log2FC_P0","DE_padj_P0","DE_log2FC_P7","DE_padj_P7","in_shared_KO_up","in_CONFOUND","removed_by_ubiquity","ubiquitous_cm_dominant","in_E2F_TARGETS","in_hallmark_E2F","class","chr","feature_space","NOTE"
"Xist",-3.85413439073112,-2.71067529371822,TRUE,TRUE,TRUE,TRUE,"down_in_KO",-11.7829077181255,6.61239733015603e-173,-9.94428214821601,0,FALSE,TRUE,FALSE,FALSE,FALSE,FALSE,"other","X","naive_no_controls","descriptive_n1_sex_confounded_depth_matched"
"Tcf4",1.74095073080734,3.31488964275786,TRUE,TRUE,TRUE,TRUE,"up_in_KO",3.96988953368751,0,4.14458775521798,0,TRUE,FALSE,FALSE,TRUE,FALSE,FALSE,"other","18","naive_no_controls","descriptive_n1_sex_confounded_depth_matched"
"Gpr183",0,2.10153403555048,FALSE,TRUE,FALSE,FALSE,"up_in_KO",-0.0655495085259782,0.730106746310479,2.09841323758449,2.47185623476509e-06,FALSE,FALSE,FALSE,FALSE,FALSE,FALSE,"other","14","naive_no_controls","descriptive_n1_sex_confounded_depth_matched"
"Hnf4g",2.05457029649926,0,TRUE,FALSE,FALSE,FALSE,"up_in_KO",0.047987531667605,NA,0.018036721167137,NA,FALSE,FALSE,FALSE,FALSE,FALSE,FALSE,"other","3","naive_no_controls","descriptive_n1_sex_confounded_depth_matched"
"Ttc9",0,-1.77339157641369,FALSE,TRUE,FALSE,FALSE,"down_in_KO",-0.122160364204274,0.500747451952769,0.1108910660411,0.39483088102332,FALSE,FALSE,FALSE,FALSE,FALSE,FALSE,"other","12","naive_no_controls","descriptive_n1_sex_confounded_depth_matched"
"Gm45502",-1.69946123790606,0,TRUE,FALSE,FALSE,FALSE,"down_in_KO",-0.0984951379017556,NA,-0.0209165232260068,NA,FALSE,FALSE,FALSE,FALSE,FALSE,FALSE,"Gm","7","naive_no_controls","descriptive_n1_sex_confounded_depth_matched"
"Oit3",-1.68651945321444,0,TRUE,FALSE,FALSE,FALSE,"down_in_KO",0.055027889282613,0.71718585852753,0.101867909698937,NA,FALSE,FALSE,FALSE,FALSE,FALSE,FALSE,"other","10","naive_no_controls","descriptive_n1_sex_confounded_depth_matched"
"Gm14664",1.67743581758849,0,TRUE,FALSE,FALSE,FALSE,"up_in_KO",0.0520449083736952,NA,-0.0577244490798301,NA,FALSE,FALSE,FALSE,FALSE,FALSE,FALSE,"Gm","X","naive_no_controls","descriptive_n1_sex_confounded_depth_matched"
"Serpinf1",0,-1.55784082853641,FALSE,TRUE,FALSE,FALSE,"down_in_KO",-0.00270185701962383,0.990163725264455,0.0194919236845023,0.911147268507743,FALSE,FALSE,FALSE,FALSE,FALSE,FALSE,"other","11","naive_no_controls","descriptive_n1_sex_confounded_depth_matched"
"Sct",1.51720854543851,0,TRUE,FALSE,FALSE,FALSE,"up_in_KO",0.0608113942839673,NA,NA,NA,FALSE,FALSE,FALSE,FALSE,FALSE,FALSE,"other","7","naive_no_controls","descriptive_n1_sex_confounded_depth_matched"
"Olfr1300-ps1",-1.42455611458235,0,TRUE,FALSE,FALSE,FALSE,"down_in_KO",-0.0509111215904713,NA,0.129312626368771,NA,FALSE,FALSE,FALSE,FALSE,FALSE,FALSE,"other",NA,"naive_no_controls","descriptive_n1_sex_confounded_depth_matched"
"Pitx3",-1.12566400848722,0,TRUE,FALSE,FALSE,FALSE,"down_in_KO",-1.22126393390179,0.0117629301239117,0.0416528202396796,NA,FALSE,FALSE,FALSE,FALSE,FALSE,FALSE,"other","19","naive_no_controls","descriptive_n1_sex_confounded_depth_matched"
"Cldn13",-1.10448036835892,0,TRUE,FALSE,FALSE,FALSE,"down_in_KO",0.0418473159088191,NA,NA,NA,FALSE,FALSE,FALSE,FALSE,FALSE,FALSE,"other","5","naive_no_controls","descriptive_n1_sex_confounded_depth_matched"
"Ssu2",0,-1.0927111193938,FALSE,TRUE,FALSE,FALSE,"down_in_KO",-0.00281617093563506,0.99012081005265,-0.107932078992124,0.414026263566842,FALSE,FALSE,FALSE,FALSE,FALSE,FALSE,"other","6","naive_no_controls","descriptive_n1_sex_confounded_depth_matched"
"Cytl1",1.08506527346467,0,TRUE,FALSE,FALSE,FALSE,"up_in_KO",0.0853154855774543,0.554662478210863,0.255510112961228,0.0567329679308775,FALSE,FALSE,FALSE,FALSE,FALSE,FALSE,"other","5","naive_no_controls","descriptive_n1_sex_confounded_depth_matched"
"Dock9",-1.05049339747411,0,TRUE,FALSE,FALSE,FALSE,"down_in_KO",-2.82851483988219,1.75395257623662e-13,0.0255935143496904,0.91940221992549,FALSE,FALSE,FALSE,FALSE,FALSE,FALSE,"other","14","naive_no_controls","descriptive_n1_sex_confounded_depth_matched"
"mt-Atp8",-1.04063128256204,0,TRUE,FALSE,FALSE,FALSE,"down_in_KO",-1.69353625381232,0,0.614469249180506,8.03343728947075e-120,FALSE,FALSE,FALSE,FALSE,FALSE,FALSE,"mito","MT","naive_no_controls","descriptive_n1_sex_confounded_depth_matched"
"Serpinb9b",-0.996444794362395,0,TRUE,FALSE,FALSE,FALSE,"down_in_KO",-0.0282094346135153,NA,-0.0097870001669111,NA,FALSE,FALSE,FALSE,FALSE,FALSE,FALSE,"other","13","naive_no_controls","descriptive_n1_sex_confounded_depth_matched"
"Adamts9",0.605739268847193,0.993067883357618,TRUE,TRUE,TRUE,TRUE,"up_in_KO",2.93213456442067,0,3.49256801384474,0,TRUE,FALSE,FALSE,FALSE,FALSE,FALSE,"other","6","naive_no_controls","descriptive_n1_sex_confounded_depth_matched"
"A2m",0.969110439431823,0,TRUE,FALSE,FALSE,FALSE,"up_in_KO",0.057439636401589,0.676794645790171,0.000992338057300879,NA,FALSE,FALSE,FALSE,FALSE,FALSE,FALSE,"other","6","naive_no_controls","descriptive_n1_sex_confounded_depth_matched"
"Calcrl",0,-0.950262302984033,FALSE,TRUE,FALSE,FALSE,"down_in_KO",-0.00917914806910091,0.969350583107149,0.10852753115626,0.632699226401681,FALSE,FALSE,FALSE,FALSE,FALSE,FALSE,"other","2","naive_no_controls","descriptive_n1_sex_confounded_depth_matched"
"Cox8b",-0.94321621220837,0,TRUE,FALSE,FALSE,FALSE,"down_in_KO",-1.28367200858634,6.22799409168109e-243,-0.172673901180629,2.54813076232056e-13,FALSE,FALSE,FALSE,FALSE,FALSE,FALSE,"other","7","naive_no_controls","descriptive_n1_sex_confounded_depth_matched"
"mt-Co1",0,0.925565544238885,FALSE,TRUE,FALSE,FALSE,"up_in_KO",-0.415841263348222,0.000621892456114154,0.74363835113681,2.34679684750077e-38,FALSE,FALSE,FALSE,FALSE,FALSE,FALSE,"mito","MT","naive_no_controls","descriptive_n1_sex_confounded_depth_matched"
"Vsig4",-0.920508093362968,0,TRUE,FALSE,FALSE,FALSE,"down_in_KO",0.00755105180646343,NA,-0.0118108100745163,NA,FALSE,FALSE,FALSE,FALSE,FALSE,FALSE,"other","X","naive_no_controls","descriptive_n1_sex_confounded_depth_matched"
"Retnlg",-0.910195071557682,0,TRUE,FALSE,FALSE,FALSE,"down_in_KO",-1.68927318739542,6.86356899006335e-11,-0.957655958717047,0.0252659613713191,FALSE,FALSE,FALSE,FALSE,FALSE,FALSE,"other","16","naive_no_controls","descriptive_n1_sex_confounded_depth_matched"
"Shoc1",0.827128430739816,0,TRUE,FALSE,FALSE,FALSE,"up_in_KO",0.0880812979883042,0.54264586779437,-0.0760385956725834,0.673208695572795,FALSE,FALSE,FALSE,FALSE,FALSE,FALSE,"other","4","naive_no_controls","descriptive_n1_sex_confounded_depth_matched"
"Cldn1",0.781317046581533,0,TRUE,FALSE,FALSE,FALSE,"up_in_KO",0.121038335660454,NA,NA,NA,FALSE,FALSE,FALSE,FALSE,FALSE,FALSE,"other","16","naive_no_controls","descriptive_n1_sex_confounded_depth_matched"
"Gm15543",-0.770972883181929,0,TRUE,FALSE,FALSE,FALSE,"down_in_KO",-1.64068090925591,2.18488849367525e-259,-0.34018877681072,2.40925581646188e-26,FALSE,FALSE,FALSE,FALSE,FALSE,FALSE,"Gm","6","naive_no_controls","descriptive_n1_sex_confounded_depth_matched"
"Rarres2",0,-0.769784979816559,FALSE,TRUE,FALSE,FALSE,"down_in_KO",1.08238173720228,1.29889106509424e-08,0.807857684549703,0.0122083669660559,FALSE,FALSE,FALSE,FALSE,FALSE,FALSE,"other","6","naive_no_controls","descriptive_n1_sex_confounded_depth_matched"
"Slc44a4",0,-0.737887871456206,FALSE,TRUE,FALSE,FALSE,"down_in_KO",-0.178752076658374,0.0880627213806137,NA,NA,FALSE,FALSE,FALSE,FALSE,FALSE,FALSE,"other","17","naive_no_controls","descriptive_n1_sex_confounded_depth_matched"
"Ly6d",-0.736233691802413,0,TRUE,FALSE,FALSE,FALSE,"down_in_KO",0.0128279649873491,NA,-2.72921332742248,0.000746025624621618,FALSE,FALSE,FALSE,FALSE,FALSE,FALSE,"other","15","naive_no_controls","descriptive_n1_sex_confounded_depth_matched"
"Vtcn1",0,0.704815598295762,FALSE,TRUE,FALSE,FALSE,"up_in_KO",-0.845300556622516,0.0161604265782536,0.18643257520355,0.378510362213953,FALSE,FALSE,FALSE,FALSE,FALSE,FALSE,"other","3","naive_no_controls","descriptive_n1_sex_confounded_depth_matched"
"Gm5934",0.700583923392167,0,TRUE,FALSE,FALSE,FALSE,"up_in_KO",NA,NA,-0.0350245630394671,NA,FALSE,FALSE,FALSE,FALSE,FALSE,FALSE,"Gm","X","naive_no_controls","descriptive_n1_sex_confounded_depth_matched"
"Cxcl2",-0.697667138197552,0,TRUE,FALSE,FALSE,FALSE,"down_in_KO",-1.149555489345,7.37547200656633e-06,NA,NA,FALSE,FALSE,FALSE,FALSE,FALSE,FALSE,"other","5","naive_no_controls","descriptive_n1_sex_confounded_depth_matched"
"Fmo1",0,-0.694348868612448,FALSE,TRUE,FALSE,FALSE,"down_in_KO",0.0560948179436283,0.795844515808163,-0.181404161785358,0.295654199623519,FALSE,FALSE,FALSE,FALSE,FALSE,FALSE,"other","1","naive_no_controls","descriptive_n1_sex_confounded_depth_matched"
"Hes1",-0.669870610228248,0,TRUE,FALSE,FALSE,FALSE,"down_in_KO",-1.75109101120865,0,0.143001045442674,0.0015267481366511,FALSE,FALSE,FALSE,FALSE,FALSE,FALSE,"other","16","naive_no_controls","descriptive_n1_sex_confounded_depth_matched"
"Cox7a1",-0.662925539478577,-0.471111410308685,TRUE,TRUE,TRUE,TRUE,"down_in_KO",-1.23559312612358,1.90979546232721e-250,-0.275394564546602,1.57572222414348e-31,FALSE,FALSE,FALSE,FALSE,FALSE,FALSE,"other","7","naive_no_controls","descriptive_n1_sex_confounded_depth_matched"
"Gm48746",0.634675614578897,0,TRUE,FALSE,FALSE,FALSE,"up_in_KO",0.183840478358875,0.185735106303143,-0.0846314082048287,0.523866918216241,FALSE,FALSE,FALSE,FALSE,FALSE,FALSE,"Gm",NA,"naive_no_controls","descriptive_n1_sex_confounded_depth_matched"
"Gm6213",0.625612864769497,0,TRUE,FALSE,FALSE,FALSE,"up_in_KO",0.0719466288516224,NA,-0.0845112739321376,NA,FALSE,FALSE,FALSE,FALSE,FALSE,FALSE,"Gm","8","naive_no_controls","descriptive_n1_sex_confounded_depth_matched"
"Selenop",0.62084772217056,0,TRUE,FALSE,FALSE,FALSE,"up_in_KO",0.92246411169041,3.44067178252697e-111,-0.00172139890934586,0.982669839539991,FALSE,FALSE,FALSE,FALSE,FALSE,FALSE,"other","15","naive_no_controls","descriptive_n1_sex_confounded_depth_matched"
"3830403N18Rik",0.59407412159758,0,TRUE,FALSE,FALSE,FALSE,"up_in_KO",-0.072798216931139,0.658973490104531,-1.51980960055299,2.59786721520641e-05,FALSE,FALSE,FALSE,FALSE,FALSE,FALSE,"other","X","naive_no_controls","descriptive_n1_sex_confounded_depth_matched"
"Hba-a2",-0.584450120597102,0,TRUE,FALSE,FALSE,FALSE,"down_in_KO",-0.730812458678042,1.50987463847902e-64,0.980249249021805,2.75810319579566e-45,FALSE,FALSE,FALSE,FALSE,FALSE,FALSE,"hemoglobin","11","naive_no_controls","descriptive_n1_sex_confounded_depth_matched"
"Pou2af1",-0.417915267343247,-0.568562037279409,TRUE,TRUE,TRUE,TRUE,"down_in_KO",-0.0300596823137445,NA,-0.0958968487290241,NA,FALSE,FALSE,FALSE,FALSE,FALSE,FALSE,"other","9","naive_no_controls","descriptive_n1_sex_confounded_depth_matched"
"Npy",0.545746142103274,0,TRUE,FALSE,FALSE,FALSE,"up_in_KO",-0.0640439175110398,0.600161340267285,NA,NA,FALSE,FALSE,FALSE,FALSE,FALSE,FALSE,"other","6","naive_no_controls","descriptive_n1_sex_confounded_depth_matched"
"Plekhg1",-0.528430262575601,0,TRUE,FALSE,FALSE,FALSE,"down_in_KO",-0.167369540540639,0.216742334438083,-0.0169392436190506,0.93421422595849,FALSE,FALSE,FALSE,FALSE,FALSE,FALSE,"other","10","naive_no_controls","descriptive_n1_sex_confounded_depth_matched"
"Tnfaip2",-0.522386506694762,0,TRUE,FALSE,FALSE,FALSE,"down_in_KO",-1.66617746052644,1.80959121135986e-22,-1.33966111542021,1.09832599905834e-72,FALSE,FALSE,FALSE,FALSE,FALSE,FALSE,"other","12","naive_no_controls","descriptive_n1_sex_confounded_depth_matched"
"Pf4",-0.518806802292395,0,TRUE,FALSE,FALSE,FALSE,"down_in_KO",-1.02983139609981,0.00112806359570951,0.18958374052454,0.344446634960155,FALSE,FALSE,FALSE,FALSE,FALSE,FALSE,"other","5","naive_no_controls","descriptive_n1_sex_confounded_depth_matched"
"Vpreb1",0.517749013317495,0,TRUE,FALSE,FALSE,FALSE,"up_in_KO",-0.156070256159444,0.216605510310212,-0.034344098418657,0.871201199582393,FALSE,FALSE,FALSE,FALSE,FALSE,FALSE,"other",NA,"naive_no_controls","descriptive_n1_sex_confounded_depth_matched"
"Hoxa5",-0.484574012119532,0,TRUE,FALSE,FALSE,FALSE,"down_in_KO",-0.0424997718633331,0.809647950455415,NA,NA,FALSE,FALSE,FALSE,FALSE,FALSE,FALSE,"other","6","naive_no_controls","descriptive_n1_sex_confounded_depth_matched"
"mt-Rnr2",-0.48264485103312,0,TRUE,FALSE,FALSE,FALSE,"down_in_KO",-0.807631396183097,5.83512256087323e-05,0.378450659640257,3.06655842073063e-70,FALSE,FALSE,FALSE,FALSE,FALSE,FALSE,"mito","MT","naive_no_controls","descriptive_n1_sex_confounded_depth_matched"
"Tyms",0.470712602215296,0,TRUE,FALSE,FALSE,FALSE,"up_in_KO",0.381284564241702,5.76401760240785e-06,0.961882837125219,1.08613622671145e-40,FALSE,FALSE,FALSE,FALSE,FALSE,FALSE,"other","5","naive_no_controls","descriptive_n1_sex_confounded_depth_matched"
"Tnfrsf12a",0.469880524627433,0,TRUE,FALSE,FALSE,FALSE,"up_in_KO",0.820319118837776,1.28394703112346e-126,0.246401414919397,1.94837758211883e-13,FALSE,FALSE,FALSE,FALSE,FALSE,FALSE,"other","17","naive_no_controls","descriptive_n1_sex_confounded_depth_matched"
"Tmem158",-0.459211130517524,0,TRUE,FALSE,FALSE,FALSE,"down_in_KO",0.0612807555148515,0.778006298425761,0.459457422885352,0.0709790125258759,FALSE,FALSE,FALSE,FALSE,FALSE,FALSE,"other","9","naive_no_controls","descriptive_n1_sex_confounded_depth_matched"
"Klf2",-0.449148994595228,0,TRUE,FALSE,FALSE,FALSE,"down_in_KO",-1.10880312006558,1.73706785559878e-72,-0.0429770036814565,0.838008757501686,FALSE,FALSE,FALSE,FALSE,FALSE,FALSE,"other","8","naive_no_controls","descriptive_n1_sex_confounded_depth_matched"
"Pim3",0.444868641463676,0,TRUE,FALSE,FALSE,FALSE,"up_in_KO",0.6161467145771,9.66994683337346e-61,0.0612511114437491,0.352983605195237,FALSE,FALSE,FALSE,FALSE,FALSE,FALSE,"other","15","naive_no_controls","descriptive_n1_sex_confounded_depth_matched"
"Myom2",0.436449977131128,0,TRUE,FALSE,FALSE,FALSE,"up_in_KO",0.639436749961986,4.91201280857924e-69,-0.155240168453507,2.83723425250964e-07,FALSE,FALSE,FALSE,FALSE,FALSE,FALSE,"other","8","naive_no_controls","descriptive_n1_sex_confounded_depth_matched"
"Wfdc17",-0.410367020652893,0,TRUE,FALSE,FALSE,FALSE,"down_in_KO",-1.23208926394639,0.0185240508412533,NA,NA,FALSE,FALSE,FALSE,FALSE,FALSE,FALSE,"other","11","naive_no_controls","descriptive_n1_sex_confounded_depth_matched"
"Ccn2",0,0.395381214851611,FALSE,TRUE,FALSE,FALSE,"up_in_KO",0.148662130634246,0.000326518893870725,1.88811172746003,0,FALSE,FALSE,FALSE,FALSE,FALSE,FALSE,"other","10","naive_no_controls","descriptive_n1_sex_confounded_depth_matched"
"Gm48657",-0.376652147517228,0,TRUE,FALSE,FALSE,FALSE,"down_in_KO",-0.137759868495161,0.374021316022111,-0.0367063878275114,0.859957446449682,FALSE,FALSE,FALSE,FALSE,FALSE,FALSE,"Gm",NA,"naive_no_controls","descriptive_n1_sex_confounded_depth_matched"
"Kit",-0.364383569118107,0,TRUE,FALSE,FALSE,FALSE,"down_in_KO",-0.118310870732666,0.542390565011442,0.108054892877977,0.626986616233263,FALSE,FALSE,FALSE,FALSE,FALSE,FALSE,"other","5","naive_no_controls","descriptive_n1_sex_confounded_depth_matched"
"Btg1",-0.355595848442273,0,TRUE,FALSE,FALSE,FALSE,"down_in_KO",-0.442390286795744,1.1146172425202e-22,-0.0534515697243867,0.40027992110981,FALSE,FALSE,FALSE,FALSE,FALSE,FALSE,"other","10","naive_no_controls","descriptive_n1_sex_confounded_depth_matched"
"Slc23a3",0.336856531462274,0,TRUE,FALSE,FALSE,FALSE,"up_in_KO",0.0597287802936059,0.604465453627097,NA,NA,FALSE,FALSE,FALSE,FALSE,FALSE,FALSE,"other","1","naive_no_controls","descriptive_n1_sex_confounded_depth_matched"
"Cd200",-0.334319034918665,0,TRUE,FALSE,FALSE,FALSE,"down_in_KO",-1.13255241347198,1.1650095942812e-13,0.0653766243324678,0.787452200900885,FALSE,FALSE,FALSE,FALSE,FALSE,FALSE,"other","16","naive_no_controls","descriptive_n1_sex_confounded_depth_matched"
"Atp2b4",0,-0.333500456055466,FALSE,TRUE,FALSE,FALSE,"down_in_KO",-0.161627875566779,0.210506098196431,0.693868583104682,0.00217705354236874,FALSE,FALSE,FALSE,FALSE,FALSE,FALSE,"other","1","naive_no_controls","descriptive_n1_sex_confounded_depth_matched"
"Vsnl1",-0.300509653074197,0,TRUE,FALSE,FALSE,FALSE,"down_in_KO",-2.46684575620177,1.17733233215947e-08,-0.025789087536331,NA,FALSE,FALSE,FALSE,FALSE,FALSE,FALSE,"other","12","naive_no_controls","descriptive_n1_sex_confounded_depth_matched"
"Arpc1b",0,-0.298343716276515,FALSE,TRUE,FALSE,FALSE,"down_in_KO",0.335334690637749,1.26591342293116e-07,0.211719308158605,0.0378472138624702,FALSE,FALSE,FALSE,FALSE,FALSE,FALSE,"other","5","naive_no_controls","descriptive_n1_sex_confounded_depth_matched"
"Sln",-0.28934502470263,0,TRUE,FALSE,FALSE,FALSE,"down_in_KO",-1.95034543800803,1.01232040501657e-126,3.60842696320269,6.82596370748849e-05,FALSE,FALSE,FALSE,FALSE,FALSE,FALSE,"other","9","naive_no_controls","descriptive_n1_sex_confounded_depth_matched"
"Actb",0,0.288591573323444,FALSE,TRUE,FALSE,FALSE,"up_in_KO",-0.0205909344617864,0.716815447552104,1.04376728278028,8.63552644822835e-298,FALSE,FALSE,FALSE,FALSE,FALSE,FALSE,"other","5","naive_no_controls","descriptive_n1_sex_confounded_depth_matched"
"C1qb",-0.27187235541506,0,TRUE,FALSE,FALSE,FALSE,"down_in_KO",-1.17959042559415,0.000340418930399486,0.0930728681575649,0.625739092879755,FALSE,FALSE,FALSE,FALSE,FALSE,FALSE,"other","4","naive_no_controls","descriptive_n1_sex_confounded_depth_matched"
"Dpysl2",-0.267711388795824,0,TRUE,FALSE,FALSE,FALSE,"down_in_KO",-0.21629997546796,0.00868300045030356,0.596346879272867,7.8691814228413e-08,FALSE,FALSE,FALSE,FALSE,FALSE,FALSE,"other","14","naive_no_controls","descriptive_n1_sex_confounded_depth_matched"
"Actg1",0.138293478384268,0.266887287759951,TRUE,TRUE,TRUE,TRUE,"up_in_KO",0.370541447508791,3.87313176419445e-18,0.593099237237319,4.91037564200107e-65,FALSE,FALSE,FALSE,FALSE,FALSE,FALSE,"other","11","naive_no_controls","descriptive_n1_sex_confounded_depth_matched"
"Trf",-0.261136449132466,0,TRUE,FALSE,FALSE,FALSE,"down_in_KO",-0.0881274121022839,0.621934575578366,-0.0766902927806465,0.679900055418958,FALSE,FALSE,FALSE,FALSE,FALSE,FALSE,"other","9","naive_no_controls","descriptive_n1_sex_confounded_depth_matched"
"Podxl",0,-0.257908945031611,FALSE,TRUE,FALSE,FALSE,"down_in_KO",-0.22500268115552,0.0354544562128326,0.234989568033741,0.204977735807521,FALSE,FALSE,FALSE,FALSE,FALSE,FALSE,"other","6","naive_no_controls","descriptive_n1_sex_confounded_depth_matched"
"Casp4",-0.256312083940078,0,TRUE,FALSE,FALSE,FALSE,"down_in_KO",-0.189802394479649,0.314765573436773,0.0226131483272952,NA,FALSE,FALSE,FALSE,FALSE,FALSE,FALSE,"other","9","naive_no_controls","descriptive_n1_sex_confounded_depth_matched"
"Ptgs1",-0.247175701789069,0,TRUE,FALSE,FALSE,FALSE,"down_in_KO",-0.398400147856576,0.000653278584608841,1.72956105444378,3.30957865008238e-13,FALSE,FALSE,FALSE,FALSE,FALSE,FALSE,"other","2","naive_no_controls","descriptive_n1_sex_confounded_depth_matched"
"Ankrd1",-0.246758326300195,0,TRUE,FALSE,FALSE,FALSE,"down_in_KO",-0.200448305450459,0.12903117061793,0.480485583067546,3.14200397582226e-109,FALSE,FALSE,FALSE,FALSE,FALSE,FALSE,"other","19","naive_no_controls","descriptive_n1_sex_confounded_depth_matched"
"Cdh5",0,-0.243473211523479,FALSE,TRUE,FALSE,FALSE,"down_in_KO",-0.0978843435203749,0.253613225974971,0.0514173099873614,0.76440811516538,FALSE,FALSE,FALSE,FALSE,FALSE,FALSE,"other","8","naive_no_controls","descriptive_n1_sex_confounded_depth_matched"
"Ckmt2",0.187531280489285,-0.242849267420623,TRUE,TRUE,TRUE,FALSE,"down_in_KO",0.318244947374489,9.21694817368804e-19,-0.694080517709863,7.86417086080135e-182,FALSE,FALSE,FALSE,FALSE,FALSE,FALSE,"other","13","naive_no_controls","descriptive_n1_sex_confounded_depth_matched"
"Dpt",0.24012352168221,0,TRUE,FALSE,FALSE,FALSE,"up_in_KO",0.153187616045583,0.372334313417432,0.273027320545548,0.215971909757521,FALSE,FALSE,FALSE,FALSE,FALSE,FALSE,"other","1","naive_no_controls","descriptive_n1_sex_confounded_depth_matched"
"Hmmr",-0.232763772775057,0,TRUE,FALSE,FALSE,FALSE,"down_in_KO",-0.318642560918535,9.00263041451199e-07,0.396748519007321,7.31090385303101e-11,FALSE,FALSE,FALSE,FALSE,FALSE,TRUE,"other","11","naive_no_controls","descriptive_n1_sex_confounded_depth_matched"
"Atf3",-0.232487072839492,0,TRUE,FALSE,FALSE,FALSE,"down_in_KO",-0.456907383582572,3.84366864348428e-32,1.67716266517298,1.7297130277337e-75,FALSE,FALSE,FALSE,FALSE,FALSE,FALSE,"other","1","naive_no_controls","descriptive_n1_sex_confounded_depth_matched"
"Cacna1c",0.232427811739444,0,TRUE,FALSE,FALSE,FALSE,"up_in_KO",-0.0616940388772463,0.157959642054127,-0.248350551581392,9.77859869329118e-19,FALSE,FALSE,FALSE,FALSE,FALSE,FALSE,"other","6","naive_no_controls","descriptive_n1_sex_confounded_depth_matched"
"Ftl1",0.230003640711018,0,TRUE,FALSE,FALSE,FALSE,"up_in_KO",0.411127399102044,1.45422667162279e-25,0.188710654169126,4.37427106055387e-06,FALSE,FALSE,TRUE,FALSE,FALSE,FALSE,"other","7","naive_no_controls","descriptive_n1_sex_confounded_depth_matched"
"Ptgds",0.228169366246219,0,TRUE,FALSE,FALSE,FALSE,"up_in_KO",-0.200297191821973,2.47368185224423e-08,-0.295631040918402,6.38675847049533e-27,FALSE,FALSE,FALSE,FALSE,FALSE,FALSE,"other","2","naive_no_controls","descriptive_n1_sex_confounded_depth_matched"
"Ackr3",0,-0.228164593020123,FALSE,TRUE,FALSE,FALSE,"down_in_KO",0.616542539527582,1.12689145090158e-05,-2.00881869709466,4.42063160344471e-105,FALSE,FALSE,FALSE,FALSE,FALSE,FALSE,"other","1","naive_no_controls","descriptive_n1_sex_confounded_depth_matched"
"Ebf1",-0.22498728118324,0,TRUE,FALSE,FALSE,FALSE,"down_in_KO",-0.383372960787587,0.00248284571782327,-0.176390105793277,0.340201679514717,FALSE,FALSE,FALSE,FALSE,FALSE,FALSE,"other","11","naive_no_controls","descriptive_n1_sex_confounded_depth_matched"
"Ctnna3",0.21825393383452,0,TRUE,FALSE,FALSE,FALSE,"up_in_KO",-0.137835513402227,0.000729854193641847,-0.366248839524463,1.83218821766971e-33,FALSE,FALSE,FALSE,FALSE,FALSE,FALSE,"other","10","naive_no_controls","descriptive_n1_sex_confounded_depth_matched"
"Pla1a",0.214160092741951,0,TRUE,FALSE,FALSE,FALSE,"up_in_KO",0.366672806760304,0.0816258399914063,0.0782017951588125,0.655363841336167,FALSE,FALSE,FALSE,FALSE,FALSE,FALSE,"other","16","naive_no_controls","descriptive_n1_sex_confounded_depth_matched"
"Cenpw",-0.21328583403472,0,TRUE,FALSE,FALSE,FALSE,"down_in_KO",-0.782856948199988,5.2356785474718e-46,0.510254361323806,1.55262587724748e-25,FALSE,FALSE,FALSE,FALSE,FALSE,FALSE,"other","10","naive_no_controls","descriptive_n1_sex_confounded_depth_matched"
"Dmd",0.204805800668037,0,TRUE,FALSE,FALSE,FALSE,"up_in_KO",-0.0700270162000891,0.115622426533444,-0.191080311473478,1.27864445433226e-10,FALSE,FALSE,FALSE,FALSE,FALSE,FALSE,"other","X","naive_no_controls","descriptive_n1_sex_confounded_depth_matched"
"Vim",0.204306351382033,0,TRUE,FALSE,FALSE,FALSE,"up_in_KO",0.571057359385199,5.57937555849703e-61,0.856964941250931,7.98993873154085e-130,FALSE,FALSE,FALSE,FALSE,FALSE,FALSE,"other","2","naive_no_controls","descriptive_n1_sex_confounded_depth_matched"
"Enpp2",0.199728744229128,0,TRUE,FALSE,FALSE,FALSE,"up_in_KO",0.129303101585763,0.30277460600163,-0.0883647139872156,0.708720775132579,FALSE,FALSE,FALSE,FALSE,FALSE,FALSE,"other","15","naive_no_controls","descriptive_n1_sex_confounded_depth_matched"
"Cd44",0,0.19722670449091,FALSE,TRUE,FALSE,FALSE,"up_in_KO",0.672447837242955,4.12150334841293e-26,1.48747152359092,1.42202090384163e-85,FALSE,FALSE,FALSE,FALSE,FALSE,FALSE,"other","2","naive_no_controls","descriptive_n1_sex_confounded_depth_matched"
"Shox2",-0.192101124936971,0,TRUE,FALSE,FALSE,FALSE,"down_in_KO",-2.75980980405727,8.9827263836929e-08,NA,NA,FALSE,FALSE,FALSE,FALSE,FALSE,FALSE,"other","3","naive_no_controls","descriptive_n1_sex_confounded_depth_matched"
"Tuba1b",0.186999105237063,0,TRUE,FALSE,FALSE,FALSE,"up_in_KO",0.503780196708005,1.12509006222766e-38,0.721907345793243,2.47745437646268e-31,FALSE,FALSE,FALSE,FALSE,FALSE,FALSE,"other","15","naive_no_controls","descriptive_n1_sex_confounded_depth_matched"
"Il12rb1",0,-0.185668801598803,FALSE,TRUE,FALSE,FALSE,"down_in_KO",0.0365307535404137,NA,0.0514674388183056,NA,FALSE,FALSE,FALSE,FALSE,FALSE,FALSE,"other","8","naive_no_controls","descriptive_n1_sex_confounded_depth_matched"
"Gadd45b",0.18557667093437,0,TRUE,FALSE,FALSE,FALSE,"up_in_KO",0.118182872415329,0.00758070431561569,0.0489522261995703,0.617834234552321,FALSE,FALSE,FALSE,FALSE,FALSE,FALSE,"other","10","naive_no_controls","descriptive_n1_sex_confounded_depth_matched"
"Rab7b",0.183288421703279,0,TRUE,FALSE,FALSE,FALSE,"up_in_KO",0.104743755343951,0.557586160000018,0.097973259665596,0.586780106292522,FALSE,FALSE,FALSE,FALSE,FALSE,FALSE,"other","1","naive_no_controls","descriptive_n1_sex_confounded_depth_matched"
"Clca3a1",0.1825106967207,0,TRUE,FALSE,FALSE,FALSE,"up_in_KO",0.944672453571182,2.94384766823387e-38,0.627687159049205,0.00885048706046297,FALSE,FALSE,FALSE,FALSE,FALSE,FALSE,"other","3","naive_no_controls","descriptive_n1_sex_confounded_depth_matched"
"Adam10",-0.181400801182919,0,TRUE,FALSE,FALSE,FALSE,"down_in_KO",-0.20209116616947,0.00162839685709365,-0.1780252244447,0.020432054117897,FALSE,FALSE,FALSE,FALSE,FALSE,FALSE,"other","9","naive_no_controls","descriptive_n1_sex_confounded_depth_matched"
"Rgs4",0,-0.178354593702084,FALSE,TRUE,FALSE,FALSE,"down_in_KO",0.0106354620431317,0.961872684147117,-0.0159452978207372,0.937068378063463,FALSE,FALSE,FALSE,FALSE,FALSE,FALSE,"other","1","naive_no_controls","descriptive_n1_sex_confounded_depth_matched"
"Rrad",0.0274372272893194,-0.177665053374695,TRUE,TRUE,TRUE,FALSE,"down_in_KO",0.303008126014157,1.71809812534979e-12,-0.740415978806468,4.1843408248762e-118,FALSE,FALSE,FALSE,FALSE,FALSE,FALSE,"other","8","naive_no_controls","descriptive_n1_sex_confounded_depth_matched"
"Hcar2",0.170629570397743,0,TRUE,FALSE,FALSE,FALSE,"up_in_KO",-0.0412699680560035,NA,NA,NA,FALSE,FALSE,FALSE,FALSE,FALSE,FALSE,"other","5","naive_no_controls","descriptive_n1_sex_confounded_depth_matched"
"Anxa2",0.162206381205173,0,TRUE,FALSE,FALSE,FALSE,"up_in_KO",0.626468767073974,8.5529111084002e-40,0.348011568986223,1.29008971267468e-09,FALSE,FALSE,FALSE,FALSE,FALSE,FALSE,"other","9","naive_no_controls","descriptive_n1_sex_confounded_depth_matched"
"Nlrp4e",0.158063822714054,0,TRUE,FALSE,FALSE,FALSE,"up_in_KO",1.59022478487105,1.12576376213626e-10,0.808319425835053,2.51700983063203e-05,FALSE,FALSE,FALSE,FALSE,FALSE,FALSE,"other","7","naive_no_controls","descriptive_n1_sex_confounded_depth_matched"
"Erbb4",0.156529973027512,0,TRUE,FALSE,FALSE,FALSE,"up_in_KO",-0.0328746101552305,0.668949552131868,-0.171991883132801,5.66854200385718e-05,FALSE,FALSE,FALSE,FALSE,FALSE,FALSE,"other","1","naive_no_controls","descriptive_n1_sex_confounded_depth_matched"
"Gm26542",-0.154062538183351,0,TRUE,FALSE,FALSE,FALSE,"down_in_KO",-1.2568749869942,8.9576638388151e-09,0.305874772973619,0.137924367009093,FALSE,FALSE,FALSE,FALSE,FALSE,FALSE,"Gm",NA,"naive_no_controls","descriptive_n1_sex_confounded_depth_matched"
"Crip1",-0.152396779355329,0,TRUE,FALSE,FALSE,FALSE,"down_in_KO",-0.633524823544376,8.21155825720537e-69,0.602272849426449,3.33808007641475e-21,FALSE,FALSE,FALSE,FALSE,FALSE,FALSE,"other","12","naive_no_controls","descriptive_n1_sex_confounded_depth_matched"
"Hlx",0.147005013595567,0,TRUE,FALSE,FALSE,FALSE,"up_in_KO",0.181722533947297,0.329067912972372,0.0242590055390288,0.90991155375113,FALSE,FALSE,FALSE,FALSE,FALSE,FALSE,"other","1","naive_no_controls","descriptive_n1_sex_confounded_depth_matched"
"Mt2",-0.144758854402266,0,TRUE,FALSE,FALSE,FALSE,"down_in_KO",-0.926860364134137,4.97881443941531e-130,0.583338254485115,1.36460013923734e-47,FALSE,FALSE,FALSE,FALSE,FALSE,FALSE,"other","8","naive_no_controls","descriptive_n1_sex_confounded_depth_matched"
"Nmrk2",0.144067401932411,0,TRUE,FALSE,FALSE,FALSE,"up_in_KO",0.0435206133828412,0.592723295143952,-0.429418746232236,6.17415387039341e-14,FALSE,FALSE,FALSE,FALSE,FALSE,FALSE,"other","10","naive_no_controls","descriptive_n1_sex_confounded_depth_matched"
"Piezo1",0.140859046423428,0,TRUE,FALSE,FALSE,FALSE,"up_in_KO",0.267595882436059,0.0064453879364815,0.627101665567431,9.29613979421986e-08,FALSE,FALSE,FALSE,FALSE,FALSE,FALSE,"other","8","naive_no_controls","descriptive_n1_sex_confounded_depth_matched"
"Gsta4",0.136670828768344,0,TRUE,FALSE,FALSE,FALSE,"up_in_KO",0.16238422726053,0.000354287731228588,0.184104617845616,5.68331312483448e-05,FALSE,FALSE,FALSE,FALSE,FALSE,FALSE,"other","9","naive_no_controls","descriptive_n1_sex_confounded_depth_matched"
"A930001M01Rik",0.135731270233688,0,TRUE,FALSE,FALSE,FALSE,"up_in_KO",-0.0272718018175451,0.894856610101611,1.63289043166385,1.34037683276283e-05,FALSE,FALSE,FALSE,FALSE,FALSE,FALSE,"other","15","naive_no_controls","descriptive_n1_sex_confounded_depth_matched"
"Cep55",0.135228906849369,0,TRUE,FALSE,FALSE,FALSE,"up_in_KO",0.466611315987075,1.64214981055472e-05,0.202955970810159,0.0265612054221471,FALSE,FALSE,FALSE,FALSE,FALSE,FALSE,"other","19","naive_no_controls","descriptive_n1_sex_confounded_depth_matched"
"Prkg1",0.133706379464648,0,TRUE,FALSE,FALSE,FALSE,"up_in_KO",0.283357002531798,1.23650120911253e-08,-0.371182078992692,4.60086320742233e-16,FALSE,FALSE,FALSE,FALSE,FALSE,FALSE,"other","19","naive_no_controls","descriptive_n1_sex_confounded_depth_matched"
"Kcnn3",0,-0.129174795010111,FALSE,TRUE,FALSE,FALSE,"down_in_KO",-0.122313376672658,0.432869576388436,0.194161855489659,0.173303600994876,FALSE,FALSE,FALSE,FALSE,FALSE,FALSE,"other","3","naive_no_controls","descriptive_n1_sex_confounded_depth_matched"
"Atcayos",-0.126939396579723,0,TRUE,FALSE,FALSE,FALSE,"down_in_KO",-0.503894318185278,2.92356793318423e-46,0.24178396928673,1.02879606837987e-19,FALSE,FALSE,FALSE,FALSE,FALSE,FALSE,"other","10","naive_no_controls","descriptive_n1_sex_confounded_depth_matched"
"Adgrf5",-0.125263603924734,0,TRUE,FALSE,FALSE,FALSE,"down_in_KO",-0.327491675138553,0.000397929395002457,0.0699660905901321,0.699156814885814,FALSE,FALSE,FALSE,FALSE,FALSE,FALSE,"other","17","naive_no_controls","descriptive_n1_sex_confounded_depth_matched"
"mt-Rnr1",-0.122803364803915,0,TRUE,FALSE,FALSE,FALSE,"down_in_KO",-0.815165151125936,8.93652803000536e-07,0.100546708001067,4.79206050581359e-06,FALSE,FALSE,FALSE,FALSE,FALSE,FALSE,"mito","MT","naive_no_controls","descriptive_n1_sex_confounded_depth_matched"
"Fabp3",-0.120515166270213,0,TRUE,FALSE,FALSE,FALSE,"down_in_KO",-0.267138246391644,0.0870848739381857,0.293015648981015,4.83570316803977e-52,FALSE,FALSE,FALSE,FALSE,FALSE,FALSE,"other","4","naive_no_controls","descriptive_n1_sex_confounded_depth_matched"
"Prex2",-0.120344160661482,0,TRUE,FALSE,FALSE,FALSE,"down_in_KO",-0.454003712061148,0.00468096343241523,0.0105655803694664,0.97070503640644,FALSE,FALSE,FALSE,FALSE,FALSE,FALSE,"other","1","naive_no_controls","descriptive_n1_sex_confounded_depth_matched"
"Gpihbp1",-0.119216105509256,0,TRUE,FALSE,FALSE,FALSE,"down_in_KO",0.045724964111801,0.714211193416707,0.0767852424508948,0.687780002473796,FALSE,FALSE,FALSE,FALSE,FALSE,FALSE,"other","15","naive_no_controls","descriptive_n1_sex_confounded_depth_matched"
"Gkn3",-0.117372328265676,0,TRUE,FALSE,FALSE,FALSE,"down_in_KO",-0.0176554605308817,NA,NA,NA,FALSE,FALSE,FALSE,FALSE,FALSE,FALSE,"other","6","naive_no_controls","descriptive_n1_sex_confounded_depth_matched"
"Tcap",0.115790961284541,0,TRUE,FALSE,FALSE,FALSE,"up_in_KO",0.367571247400553,6.91774448926967e-24,-0.0293374418860627,0.38792252543169,FALSE,FALSE,FALSE,FALSE,FALSE,FALSE,"other","11","naive_no_controls","descriptive_n1_sex_confounded_depth_matched"
"Gask1b",0.114579936634204,0,TRUE,FALSE,FALSE,FALSE,"up_in_KO",0.666015391619628,3.75897177327891e-47,0.0728931238791057,0.251182656535757,FALSE,FALSE,FALSE,FALSE,FALSE,FALSE,"other","3","naive_no_controls","descriptive_n1_sex_confounded_depth_matched"
"Ccnb1",-0.110480253078094,0,TRUE,FALSE,FALSE,FALSE,"down_in_KO",-0.0933424284498619,0.135987727363552,0.64524050947026,5.2739519842914e-34,FALSE,FALSE,FALSE,FALSE,TRUE,FALSE,"other","13","naive_no_controls","descriptive_n1_sex_confounded_depth_matched"
"Timd4",0.109599342081694,0,TRUE,FALSE,FALSE,FALSE,"up_in_KO",0.0201906362334437,NA,NA,NA,FALSE,FALSE,FALSE,FALSE,FALSE,FALSE,"other","11","naive_no_controls","descriptive_n1_sex_confounded_depth_matched"
"Cx3cr1",-0.109472039472759,0,TRUE,FALSE,FALSE,FALSE,"down_in_KO",0.0262239463496551,0.891756734996649,-0.342190366770028,0.0510016105221451,FALSE,FALSE,FALSE,FALSE,FALSE,FALSE,"other","9","naive_no_controls","descriptive_n1_sex_confounded_depth_matched"
"Fbxl22",0,-0.10934095135637,FALSE,TRUE,FALSE,FALSE,"down_in_KO",-0.306056599760098,1.95368906174578e-19,-0.351743593884805,5.09386960821171e-46,FALSE,FALSE,FALSE,FALSE,FALSE,FALSE,"other","9","naive_no_controls","descriptive_n1_sex_confounded_depth_matched"
"Ccr5",-0.108613202582597,0,TRUE,FALSE,FALSE,FALSE,"down_in_KO",-0.0982600049348052,0.33382369905334,-0.00750701551292316,NA,FALSE,FALSE,FALSE,FALSE,FALSE,FALSE,"other","9","naive_no_controls","descriptive_n1_sex_confounded_depth_matched"
"H1f2",0.108290143063808,0,TRUE,FALSE,FALSE,FALSE,"up_in_KO",0.662865767412239,1.05413444875873e-75,0.976605454646939,8.36580872412675e-210,FALSE,FALSE,FALSE,FALSE,FALSE,FALSE,"other","13","naive_no_controls","descriptive_n1_sex_confounded_depth_matched"
"Mcm6",0,0.105287587973571,FALSE,TRUE,FALSE,FALSE,"up_in_KO",1.37170463233061,3.47205967361071e-92,1.25412142559754,6.30377819829769e-124,FALSE,FALSE,FALSE,FALSE,TRUE,TRUE,"other","1","naive_no_controls","descriptive_n1_sex_confounded_depth_matched"
"Nfkbia",0.102944759888159,0,TRUE,FALSE,FALSE,FALSE,"up_in_KO",0.211962189680967,2.29333600737404e-07,0.186945644423805,7.07358481719809e-05,FALSE,FALSE,FALSE,FALSE,FALSE,FALSE,"other","12","naive_no_controls","descriptive_n1_sex_confounded_depth_matched"
"Gm19299",-0.10110977771571,0,TRUE,FALSE,FALSE,FALSE,"down_in_KO",-0.977083949571073,1.34024832246425e-07,-0.584819664177508,0.00508496325743016,FALSE,FALSE,FALSE,FALSE,FALSE,FALSE,"Gm","9","naive_no_controls","descriptive_n1_sex_confounded_depth_matched"
"Acer2",-0.100942959375923,0,TRUE,FALSE,FALSE,FALSE,"down_in_KO",-1.88929567415474,1.16148020233215e-124,-1.64487610665705,2.06785789382874e-62,FALSE,FALSE,FALSE,FALSE,FALSE,FALSE,"other","4","naive_no_controls","descriptive_n1_sex_confounded_depth_matched"
"Gas1",0.100161988332949,0,TRUE,FALSE,FALSE,FALSE,"up_in_KO",-0.211183023435717,0.0556505554724568,-0.539384885471713,5.22584947698608e-08,FALSE,FALSE,FALSE,FALSE,FALSE,FALSE,"other","13","naive_no_controls","descriptive_n1_sex_confounded_depth_matched"
"Capn6",0.0985488056049222,0,TRUE,FALSE,FALSE,FALSE,"up_in_KO",0.731907044403881,1.55954690088722e-12,1.88652855668122,1.34011691318024e-24,FALSE,FALSE,FALSE,FALSE,FALSE,FALSE,"other","X","naive_no_controls","descriptive_n1_sex_confounded_depth_matched"
"Adgrd1",0,-0.0979675604216432,FALSE,TRUE,FALSE,FALSE,"down_in_KO",-0.398715250394795,0.0550206144269903,-0.174068233106015,0.423191323615876,FALSE,FALSE,FALSE,FALSE,FALSE,FALSE,"other","5","naive_no_controls","descriptive_n1_sex_confounded_depth_matched"
"Col6a1",0.0972886887759767,0,TRUE,FALSE,FALSE,FALSE,"up_in_KO",0.00422669938045662,0.983576669670703,0.509327999027852,0.0152523563865969,FALSE,FALSE,FALSE,FALSE,FALSE,FALSE,"other","10","naive_no_controls","descriptive_n1_sex_confounded_depth_matched"
"Vcan",0,0.0926895268681263,FALSE,TRUE,FALSE,FALSE,"up_in_KO",0.508702447417688,7.49762029555513e-19,1.40835129781124,1.14651706714022e-96,FALSE,FALSE,FALSE,FALSE,FALSE,FALSE,"other","13","naive_no_controls","descriptive_n1_sex_confounded_depth_matched"
"mt-Nd3",-0.0919262786166512,0,TRUE,FALSE,FALSE,FALSE,"down_in_KO",-1.02550573703176,1.14142413994862e-92,0.0654369062978305,0.644314625606856,FALSE,FALSE,FALSE,FALSE,FALSE,FALSE,"mito","MT","naive_no_controls","descriptive_n1_sex_confounded_depth_matched"
"Dut",0.0899395437924199,0,TRUE,FALSE,FALSE,FALSE,"up_in_KO",0.537333514842283,1.51547769298476e-31,0.704704990231803,1.18650622577825e-86,FALSE,FALSE,FALSE,FALSE,FALSE,TRUE,"other","2","naive_no_controls","descriptive_n1_sex_confounded_depth_matched"
"Tuba4a",0.0897677918401556,0,TRUE,FALSE,FALSE,FALSE,"up_in_KO",0.0130643383723817,0.867433490979886,-0.0360997056002347,0.314253787740886,FALSE,FALSE,FALSE,FALSE,FALSE,FALSE,"other","1","naive_no_controls","descriptive_n1_sex_confounded_depth_matched"
"Gm44386",-0.0894105483314333,0,TRUE,FALSE,FALSE,FALSE,"down_in_KO",-0.753141811112095,2.64487740119746e-52,0.232914924032157,1.58153801791309e-11,FALSE,FALSE,FALSE,FALSE,FALSE,FALSE,"Gm",NA,"naive_no_controls","descriptive_n1_sex_confounded_depth_matched"
"Anapc15",0.0875913118457163,0,TRUE,FALSE,FALSE,FALSE,"up_in_KO",0.0553206656259146,0.565575736973288,0.436163669448854,7.31152452260675e-10,FALSE,FALSE,FALSE,FALSE,FALSE,FALSE,"other","7","naive_no_controls","descriptive_n1_sex_confounded_depth_matched"
"Btg2",-0.0870107899964592,0,TRUE,FALSE,FALSE,FALSE,"down_in_KO",-0.517645153410496,1.33650889939738e-35,0.761048337794623,2.65125637568302e-52,FALSE,FALSE,FALSE,FALSE,FALSE,FALSE,"other","1","naive_no_controls","descriptive_n1_sex_confounded_depth_matched"
"Csta3",0.0860742562048513,0,TRUE,FALSE,FALSE,FALSE,"up_in_KO",-0.0357537332487548,NA,NA,NA,FALSE,FALSE,FALSE,FALSE,FALSE,FALSE,"other","16","naive_no_controls","descriptive_n1_sex_confounded_depth_matched"
"Fosl2",-0.0853961044055525,0,TRUE,FALSE,FALSE,FALSE,"down_in_KO",-0.476299922817313,5.16275424347037e-13,0.840316627604429,4.11014927336712e-12,FALSE,FALSE,FALSE,FALSE,FALSE,FALSE,"other","5","naive_no_controls","descriptive_n1_sex_confounded_depth_matched"
"Msn",-0.0846375244694171,0,TRUE,FALSE,FALSE,FALSE,"down_in_KO",-0.00723894918767861,0.935108155905061,0.239735904619467,5.57694259933314e-07,FALSE,FALSE,FALSE,FALSE,FALSE,FALSE,"other","X","naive_no_controls","descriptive_n1_sex_confounded_depth_matched"
"Depp1",0.0839985297012438,0,TRUE,FALSE,FALSE,FALSE,"up_in_KO",0.379357275681723,2.79116759276502e-10,-1.18761619519884,2.60108589542932e-32,FALSE,FALSE,FALSE,FALSE,FALSE,FALSE,"other","6","naive_no_controls","descriptive_n1_sex_confounded_depth_matched"
"Npdc1",-0.0815066789823674,0,TRUE,FALSE,FALSE,FALSE,"down_in_KO",0.226883647313669,0.145453923735217,0.22375188109435,0.288800847330594,FALSE,FALSE,FALSE,FALSE,FALSE,FALSE,"other","2","naive_no_controls","descriptive_n1_sex_confounded_depth_matched"
"Lockd",-0.0808385948370344,0,TRUE,FALSE,FALSE,FALSE,"down_in_KO",-0.861858602499425,1.65627683428154e-78,0.384505594978885,2.5824621666094e-23,FALSE,FALSE,FALSE,FALSE,FALSE,FALSE,"other","6","naive_no_controls","descriptive_n1_sex_confounded_depth_matched"
"Hbb-bs",-0.0799387423124042,0,TRUE,FALSE,FALSE,FALSE,"down_in_KO",-0.455427998603345,1.27899066082312e-21,0.871822393973089,1.44820375182843e-15,FALSE,FALSE,FALSE,FALSE,FALSE,FALSE,"hemoglobin","7","naive_no_controls","descriptive_n1_sex_confounded_depth_matched"
"Plaur",-0.0774598435460827,0,TRUE,FALSE,FALSE,FALSE,"down_in_KO",-0.136223798554795,0.478632752923046,-0.0174723289829624,0.932382518735896,FALSE,FALSE,FALSE,FALSE,FALSE,FALSE,"other","7","naive_no_controls","descriptive_n1_sex_confounded_depth_matched"
"Nppb",0.0771256656449292,0,TRUE,FALSE,FALSE,FALSE,"up_in_KO",0.330673329763103,8.11169673897953e-12,0.487608010919926,5.71877685624005e-70,FALSE,FALSE,FALSE,FALSE,FALSE,FALSE,"other","4","naive_no_controls","descriptive_n1_sex_confounded_depth_matched"
"Psrc1",0.0763985127788335,0,TRUE,FALSE,FALSE,FALSE,"up_in_KO",1.22861857164878,7.49090828458545e-26,2.14794982735639,6.34902064434608e-65,FALSE,FALSE,FALSE,FALSE,FALSE,FALSE,"other","3","naive_no_controls","descriptive_n1_sex_confounded_depth_matched"
"Uhrf1",0,0.0757422825006119,FALSE,TRUE,FALSE,FALSE,"up_in_KO",1.64330502468484,1.0015284242427e-108,1.62919167383403,1.60035302099388e-183,FALSE,FALSE,FALSE,FALSE,FALSE,FALSE,"other","17","naive_no_controls","descriptive_n1_sex_confounded_depth_matched"
"Cavin1",-0.0751964988154925,0,TRUE,FALSE,FALSE,FALSE,"down_in_KO",-0.0754193156321617,0.113604948566137,0.0214903183822072,0.667326829366357,FALSE,FALSE,FALSE,FALSE,FALSE,FALSE,"other","11","naive_no_controls","descriptive_n1_sex_confounded_depth_matched"
"Gstm1",0.0744367967692566,0,TRUE,FALSE,FALSE,FALSE,"up_in_KO",0.494209001689336,2.12385163402804e-26,0.515276781751895,2.50885797660751e-16,FALSE,FALSE,FALSE,FALSE,FALSE,FALSE,"other","3","naive_no_controls","descriptive_n1_sex_confounded_depth_matched"
"B2m",0.0730227522348066,0,TRUE,FALSE,FALSE,FALSE,"up_in_KO",0.13065894684145,0.00960521286469814,0.304620551725505,1.59689148398891e-10,FALSE,FALSE,FALSE,FALSE,FALSE,FALSE,"other","2","naive_no_controls","descriptive_n1_sex_confounded_depth_matched"
"Stmn1",0.0703442506706114,0,TRUE,FALSE,FALSE,FALSE,"up_in_KO",0.689816349674807,2.91267432725221e-77,1.1096133474814,0,FALSE,FALSE,FALSE,FALSE,FALSE,TRUE,"other","4","naive_no_controls","descriptive_n1_sex_confounded_depth_matched"
"Cracr2b",0.0698195806089109,0,TRUE,FALSE,FALSE,FALSE,"up_in_KO",0.251926900798633,0.178081920713237,-0.155394848944382,0.470060545729494,FALSE,FALSE,FALSE,FALSE,FALSE,FALSE,"other","7","naive_no_controls","descriptive_n1_sex_confounded_depth_matched"
"Cenpm",0.0657734844281776,0,TRUE,FALSE,FALSE,FALSE,"up_in_KO",0.799394847429835,1.59580749316262e-33,1.26020312863102,2.73272243052715e-80,FALSE,FALSE,FALSE,FALSE,FALSE,TRUE,"other","15","naive_no_controls","descriptive_n1_sex_confounded_depth_matched"
"S100a11",-0.0630839482316753,0,TRUE,FALSE,FALSE,FALSE,"down_in_KO",-0.356394529269316,1.52851908122666e-17,0.581682145258618,3.06492843214284e-51,FALSE,FALSE,FALSE,FALSE,FALSE,FALSE,"other","3","naive_no_controls","descriptive_n1_sex_confounded_depth_matched"
"Cdkn2d",0,-0.0620951311752826,FALSE,TRUE,FALSE,FALSE,"down_in_KO",0.0440488836187007,0.491237660511182,0.236469410453228,1.6440200316202e-07,FALSE,FALSE,FALSE,FALSE,FALSE,FALSE,"other","9","naive_no_controls","descriptive_n1_sex_confounded_depth_matched"
"Sec61b",-0.0600774936333342,0,TRUE,FALSE,FALSE,FALSE,"down_in_KO",-0.486937808101131,1.62731532187274e-20,-0.0453782602041232,0.574679723115009,FALSE,FALSE,FALSE,FALSE,FALSE,FALSE,"other","4","naive_no_controls","descriptive_n1_sex_confounded_depth_matched"
"Ifi203-ps",-0.0598207086238949,0,TRUE,FALSE,FALSE,FALSE,"down_in_KO",-0.380531891164668,0.0677007952905288,-0.235826186245827,0.230750191370403,FALSE,FALSE,FALSE,FALSE,FALSE,FALSE,"other","1","naive_no_controls","descriptive_n1_sex_confounded_depth_matched"
"Myh7",0.036338175895529,0.0564887441201707,TRUE,TRUE,TRUE,TRUE,"up_in_KO",0.308537121483798,0.0137271164879327,1.75809530474897,0,FALSE,FALSE,FALSE,TRUE,FALSE,FALSE,"other","14","naive_no_controls","descriptive_n1_sex_confounded_depth_matched"
"Fbln5",0.0562648635220687,0,TRUE,FALSE,FALSE,FALSE,"up_in_KO",0.69936279668387,0.00026804800195554,0.0754825109274588,0.713511460357138,FALSE,FALSE,FALSE,FALSE,FALSE,FALSE,"other","12","naive_no_controls","descriptive_n1_sex_confounded_depth_matched"
"Gm10184",0,-0.0549044820653811,FALSE,TRUE,FALSE,FALSE,"down_in_KO",0.0524439198629475,0.450789498637869,-0.0103388790086245,0.890264021340329,FALSE,FALSE,FALSE,FALSE,FALSE,FALSE,"Gm",NA,"naive_no_controls","descriptive_n1_sex_confounded_depth_matched"
"Rbm20",0.0524383761061083,0,TRUE,FALSE,FALSE,FALSE,"up_in_KO",0.116143844400539,0.00459611247013043,-0.378433733617871,2.8362157591542e-38,FALSE,FALSE,FALSE,FALSE,FALSE,FALSE,"other","19","naive_no_controls","descriptive_n1_sex_confounded_depth_matched"
"Terb1",0.0515773944555413,0,TRUE,FALSE,FALSE,FALSE,"up_in_KO",-0.624935776408932,0.0255329250291627,-0.505656983467804,0.0185563544613154,FALSE,FALSE,FALSE,FALSE,FALSE,FALSE,"other","8","naive_no_controls","descriptive_n1_sex_confounded_depth_matched"
"Ank1",0,-0.0498314109245147,FALSE,TRUE,FALSE,FALSE,"down_in_KO",-0.00985028065095169,0.923029692405524,-0.364505773194676,1.69625865674007e-27,FALSE,FALSE,FALSE,FALSE,FALSE,FALSE,"other","8","naive_no_controls","descriptive_n1_sex_confounded_depth_matched"
"Myl7",-0.048870440598113,0,TRUE,FALSE,FALSE,FALSE,"down_in_KO",-0.507188666376139,6.60328766698954e-06,1.94904882436954,3.2245887896919e-51,FALSE,FALSE,FALSE,FALSE,FALSE,FALSE,"other","11","naive_no_controls","descriptive_n1_sex_confounded_depth_matched"
"Cd93",0,-0.0484877030847417,FALSE,TRUE,FALSE,FALSE,"down_in_KO",-0.376536938860134,1.2048441171467e-05,0.312067953846963,0.0567238296634498,FALSE,FALSE,FALSE,FALSE,FALSE,FALSE,"other","2","naive_no_controls","descriptive_n1_sex_confounded_depth_matched"
"Ppic",0.0476642324241559,0,TRUE,FALSE,FALSE,FALSE,"up_in_KO",0.262446553634326,3.31977750345573e-08,0.026981416312723,0.704641661788266,FALSE,FALSE,FALSE,FALSE,FALSE,FALSE,"other","18","naive_no_controls","descriptive_n1_sex_confounded_depth_matched"
"Tgfb2",0.0467792220832847,0,TRUE,FALSE,FALSE,FALSE,"up_in_KO",0.593413569319765,9.83636937741153e-33,0.306820497763596,1.76145387231156e-05,FALSE,FALSE,FALSE,FALSE,FALSE,FALSE,"other","1","naive_no_controls","descriptive_n1_sex_confounded_depth_matched"
"Loxl1",0.0464711241139526,0,TRUE,FALSE,FALSE,FALSE,"up_in_KO",0.0857895622199939,0.569344261907931,0.498355404070388,0.00696067081520197,FALSE,FALSE,FALSE,FALSE,FALSE,FALSE,"other","9","naive_no_controls","descriptive_n1_sex_confounded_depth_matched"
"Cxcl12",0.0452085467478481,0,TRUE,FALSE,FALSE,FALSE,"up_in_KO",0.361790663393269,3.097386381901e-16,0.401387007618547,1.6403239081241e-07,FALSE,FALSE,FALSE,FALSE,FALSE,FALSE,"other","6","naive_no_controls","descriptive_n1_sex_confounded_depth_matched"
"Fabp4",-0.0403483908374985,0,TRUE,FALSE,FALSE,FALSE,"down_in_KO",-0.240842107118227,0.0456225853637026,0.681110047922696,1.87483514200202e-48,FALSE,FALSE,FALSE,FALSE,FALSE,FALSE,"other","3","naive_no_controls","descriptive_n1_sex_confounded_depth_matched"
"Olfr1033",0,-0.0397283967759437,FALSE,TRUE,FALSE,FALSE,"down_in_KO",-0.207616917662288,1.25200508121735e-06,-0.74956620284416,1.98526687461741e-60,FALSE,FALSE,FALSE,FALSE,FALSE,FALSE,"other",NA,"naive_no_controls","descriptive_n1_sex_confounded_depth_matched"
"Cpe",-0.0397034563217607,0,TRUE,FALSE,FALSE,FALSE,"down_in_KO",0.0317369785846289,0.655708703841505,0.136660975584446,0.00342007135622249,FALSE,FALSE,FALSE,FALSE,FALSE,FALSE,"other","8","naive_no_controls","descriptive_n1_sex_confounded_depth_matched"
"Fgf13",0.0358235798116118,0,TRUE,FALSE,FALSE,FALSE,"up_in_KO",-0.0907293499458266,0.0880425481741429,-0.26151382057423,1.27166802530969e-14,FALSE,FALSE,FALSE,FALSE,FALSE,FALSE,"other","X","naive_no_controls","descriptive_n1_sex_confounded_depth_matched"
"Hmgcs2",0,0.0354154417931209,FALSE,TRUE,FALSE,FALSE,"up_in_KO",0.261763873535648,0.00795671370086779,0.972271459217701,2.90744873819007e-233,FALSE,FALSE,FALSE,FALSE,FALSE,FALSE,"other","3","naive_no_controls","descriptive_n1_sex_confounded_depth_matched"
"Tspan14",0.0351752136550679,0,TRUE,FALSE,FALSE,FALSE,"up_in_KO",0.182340083656378,0.170019142634931,0.242044537047803,0.138690245653904,FALSE,FALSE,FALSE,FALSE,FALSE,FALSE,"other","14","naive_no_controls","descriptive_n1_sex_confounded_depth_matched"
"Ankrd6",-0.0343760463455107,0,TRUE,FALSE,FALSE,FALSE,"down_in_KO",-0.0235682420917977,0.896582669944775,0.0741664208482519,0.630516700962016,FALSE,FALSE,FALSE,FALSE,FALSE,FALSE,"other","4","naive_no_controls","descriptive_n1_sex_confounded_depth_matched"
"Gm17660",0,-0.0333453168698934,FALSE,TRUE,FALSE,FALSE,"down_in_KO",0.194525839081,0.30702157092202,-0.420987885298827,0.0490545272496975,FALSE,FALSE,FALSE,FALSE,FALSE,FALSE,"Gm",NA,"naive_no_controls","descriptive_n1_sex_confounded_depth_matched"
"Syndig1",0,0.0322247312053122,FALSE,TRUE,FALSE,FALSE,"up_in_KO",1.00168917441836,0.000219637856506668,0.190064965312701,0.350851122715216,FALSE,FALSE,FALSE,FALSE,FALSE,FALSE,"other","2","naive_no_controls","descriptive_n1_sex_confounded_depth_matched"
"Smoc2",0.0321560737054495,0,TRUE,FALSE,FALSE,FALSE,"up_in_KO",-0.0148554530338859,0.948684971202027,-0.451856205623494,0.0046690997946773,FALSE,FALSE,FALSE,FALSE,FALSE,FALSE,"other","17","naive_no_controls","descriptive_n1_sex_confounded_depth_matched"
"Ckap2l",-0.0287924142661357,0,TRUE,FALSE,FALSE,FALSE,"down_in_KO",-0.152842315547761,0.0261121086778046,0.62033682795243,2.02510040919917e-28,FALSE,FALSE,FALSE,FALSE,FALSE,FALSE,"other","2","naive_no_controls","descriptive_n1_sex_confounded_depth_matched"
"Itpkb",-0.0257169942170268,0,TRUE,FALSE,FALSE,FALSE,"down_in_KO",-0.0982154196922433,0.515247944257268,0.195711771131502,0.180381145791149,FALSE,FALSE,FALSE,FALSE,FALSE,FALSE,"other","1","naive_no_controls","descriptive_n1_sex_confounded_depth_matched"
"Mmp23",0.0229706183250858,0,TRUE,FALSE,FALSE,FALSE,"up_in_KO",0.347065716345172,0.00147079753265837,-0.323690319671181,0.0433832500886776,FALSE,FALSE,FALSE,FALSE,FALSE,FALSE,"other","4","naive_no_controls","descriptive_n1_sex_confounded_depth_matched"
"Shisa5",0.0218743679322689,0,TRUE,FALSE,FALSE,FALSE,"up_in_KO",0.23185299289411,0.052346770784683,-0.0231093277839424,0.917465806867406,FALSE,FALSE,FALSE,FALSE,FALSE,FALSE,"other","9","naive_no_controls","descriptive_n1_sex_confounded_depth_matched"
"Mcm4",0,0.0212934283559536,FALSE,TRUE,FALSE,FALSE,"up_in_KO",0.896262538948799,1.22600081379909e-22,0.906801309401297,4.1499640082579e-48,FALSE,FALSE,FALSE,FALSE,TRUE,TRUE,"other","16","naive_no_controls","descriptive_n1_sex_confounded_depth_matched"
"Apoe",0,0.0207912347981488,FALSE,TRUE,FALSE,FALSE,"up_in_KO",0.460291240641467,9.01190405006126e-18,0.48508289301958,7.11315595916756e-30,FALSE,FALSE,FALSE,FALSE,FALSE,FALSE,"other","7","naive_no_controls","descriptive_n1_sex_confounded_depth_matched"
"Rpa2",0.0207022313930066,0,TRUE,FALSE,FALSE,FALSE,"up_in_KO",0.62330406326559,2.55846179840817e-26,0.728136498401334,6.26416881177632e-41,FALSE,FALSE,FALSE,FALSE,FALSE,TRUE,"other","4","naive_no_controls","descriptive_n1_sex_confounded_depth_matched"
"Actn1",-0.0196467529206689,0,TRUE,FALSE,FALSE,FALSE,"down_in_KO",-0.180405008049703,0.000621529749276224,-0.200318612659135,0.000511005340367606,FALSE,FALSE,FALSE,FALSE,FALSE,FALSE,"other","12","naive_no_controls","descriptive_n1_sex_confounded_depth_matched"
"Tspan7",0.0172121171100917,0,TRUE,FALSE,FALSE,FALSE,"up_in_KO",0.380811456613015,2.29750352159905e-12,0.102531885617949,0.151603941912882,FALSE,FALSE,FALSE,FALSE,FALSE,FALSE,"other","X","naive_no_controls","descriptive_n1_sex_confounded_depth_matched"
"Slc8a1",-0.0160833319259098,0,TRUE,FALSE,FALSE,FALSE,"down_in_KO",-0.18001250646881,1.49515351588982e-05,0.189098506753484,2.47595974171938e-13,FALSE,FALSE,FALSE,FALSE,FALSE,FALSE,"other","17","naive_no_controls","descriptive_n1_sex_confounded_depth_matched"
"Elk3",-0.0138776046290872,0,TRUE,FALSE,FALSE,FALSE,"down_in_KO",-0.055491719825556,0.710246780866947,0.266768479726314,0.105174428711893,FALSE,FALSE,FALSE,FALSE,FALSE,FALSE,"other","10","naive_no_controls","descriptive_n1_sex_confounded_depth_matched"
"Tmem40",0,0.0137920875637059,FALSE,TRUE,FALSE,FALSE,"up_in_KO",-0.109088945048703,0.45088544641099,1.40051840246307,0.00282143706666908,FALSE,FALSE,FALSE,FALSE,FALSE,FALSE,"other","6","naive_no_controls","descriptive_n1_sex_confounded_depth_matched"
"4930534D22Rik",0.0133016462097743,0,TRUE,FALSE,FALSE,FALSE,"up_in_KO",-0.120340392227056,0.461138253543366,-0.333431201980098,0.153838682799262,FALSE,FALSE,FALSE,FALSE,FALSE,FALSE,"other","3","naive_no_controls","descriptive_n1_sex_confounded_depth_matched"
"Bex1",0.0107700621316324,0,TRUE,FALSE,FALSE,FALSE,"up_in_KO",0.312239902524329,7.49762029555513e-19,-0.0123132940482663,0.831700597772445,FALSE,FALSE,FALSE,FALSE,FALSE,FALSE,"other","X","naive_no_controls","descriptive_n1_sex_confounded_depth_matched"
"Rgs5",0.0088308652718079,0,TRUE,FALSE,FALSE,FALSE,"up_in_KO",-0.0416631469563208,0.808437765323031,0.0397379934684303,0.859104541173499,FALSE,FALSE,FALSE,FALSE,FALSE,FALSE,"other","1","naive_no_controls","descriptive_n1_sex_confounded_depth_matched"
"Fli1",-0.00670422407773095,0,TRUE,FALSE,FALSE,FALSE,"down_in_KO",-0.182907222605167,0.145453923735217,0.315221597331551,0.117495082599914,FALSE,FALSE,FALSE,FALSE,FALSE,FALSE,"other","9","naive_no_controls","descriptive_n1_sex_confounded_depth_matched"
"Kcnk3",-0.00618041365334666,0,TRUE,FALSE,FALSE,FALSE,"down_in_KO",-0.763390587979089,7.10797268884362e-40,-0.0950586856298757,0.0152321441562267,FALSE,FALSE,FALSE,FALSE,FALSE,FALSE,"other","5","naive_no_controls","descriptive_n1_sex_confounded_depth_matched"
"Egr1",-0.00605908999778848,0,TRUE,FALSE,FALSE,FALSE,"down_in_KO",-0.477805675078301,3.99555379614843e-39,0.464767420202518,4.41250875287968e-15,FALSE,FALSE,FALSE,FALSE,FALSE,FALSE,"other","18","naive_no_controls","descriptive_n1_sex_confounded_depth_matched"
"Myl4",-0.00479193749818019,0,TRUE,FALSE,FALSE,FALSE,"down_in_KO",-0.230260854178549,0.0117629301239117,0.411396073020773,8.50543052465509e-10,FALSE,FALSE,FALSE,FALSE,FALSE,FALSE,"other","11","naive_no_controls","descriptive_n1_sex_confounded_depth_matched"
"Tmsb4x",0.00400249667600205,0,TRUE,FALSE,FALSE,FALSE,"up_in_KO",-0.035393931399637,0.632113110951592,0.194979307170527,2.75911092209378e-13,FALSE,FALSE,FALSE,FALSE,FALSE,FALSE,"other","X","naive_no_controls","descriptive_n1_sex_confounded_depth_matched"
"Shcbp1",0,-0.00269939672723853,FALSE,TRUE,FALSE,FALSE,"down_in_KO",0.0486408317683115,0.736186055797592,0.404914852749602,1.56992841639023e-05,FALSE,FALSE,FALSE,FALSE,FALSE,FALSE,"other","8","naive_no_controls","descriptive_n1_sex_confounded_depth_matched"
"Slc6a6",0,0.00238586069014357,FALSE,TRUE,FALSE,FALSE,"up_in_KO",0.175430648331768,0.000144327369422002,1.07019884354863,9.86378933966958e-154,FALSE,FALSE,FALSE,FALSE,FALSE,FALSE,"other","6","naive_no_controls","descriptive_n1_sex_confounded_depth_matched"
"Sept11",-0.00212340216638173,0,TRUE,FALSE,FALSE,FALSE,"down_in_KO",-0.246707057901174,0.00351396586759482,0.134939302888532,0.244452805464525,FALSE,FALSE,FALSE,FALSE,FALSE,FALSE,"other",NA,"naive_no_controls","descriptive_n1_sex_confounded_depth_matched"
